{
	"credit": "Made with Blockbench",
	"textures": {
		"0": "elixa:block/front_visor",
		"1": "elixa:block/left_body",
		"2": "elixa:block/visor",
		"3": "elixa:block/body",
		"4": "elixa:block/right_body",
		"5": "elixa:block/top_body",
		"6": "elixa:block/back_body",
		"7": "elixa:block/mochila",
		"8": "elixa:block/left_leg",
		"9": "elixa:block/right_leg",
		"particle": "elixa:block/body"
	},
	"elements": [
		{
			"from": [2, 0, 6],
			"to": [4, 2, 8],
			"rotation": {"angle": 22.5, "axis": "y", "origin": [0, 0, 0]},
			"faces": {
				"north": {"uv": [0, 0, 2, 2], "texture": "#9"},
				"east": {"uv": [0, 2, 2, 4], "texture": "#9"},
				"south": {"uv": [2, 0, 4, 2], "texture": "#9"},
				"west": {"uv": [2, 2, 4, 4], "texture": "#9"},
				"up": {"uv": [2, 6, 0, 4], "texture": "#9"},
				"down": {"uv": [6, 0, 4, 2], "texture": "#9"}
			}
		},
		{
			"from": [11, 0, 0],
			"to": [13, 2, 2],
			"rotation": {"angle": -22.5, "axis": "y", "origin": [0, 0, 0]},
			"faces": {
				"north": {"uv": [2, 2, 4, 4], "texture": "#8"},
				"east": {"uv": [0, 0, 2, 2], "texture": "#8"},
				"south": {"uv": [0, 2, 2, 4], "texture": "#8"},
				"west": {"uv": [2, 0, 4, 2], "texture": "#8"},
				"up": {"uv": [2, 6, 0, 4], "rotation": 90, "texture": "#8"},
				"down": {"uv": [6, 0, 4, 2], "rotation": 270, "texture": "#8"}
			}
		},
		{
			"from": [5, 0, 6],
			"to": [11, 6, 10],
			"faces": {
				"north": {"uv": [0, 0, 6, 6], "texture": "#3"},
				"east": {"uv": [6, 0, 10, 6], "texture": "#3"},
				"south": {"uv": [0, 6, 6, 12], "texture": "#3"},
				"west": {"uv": [6, 6, 10, 12], "texture": "#3"},
				"up": {"uv": [16, 4, 10, 0], "texture": "#3"},
				"down": {"uv": [16, 4, 10, 8], "texture": "#3"}
			}
		},
		{
			"from": [6, 6, 6],
			"to": [10, 7, 7],
			"faces": {
				"north": {"uv": [0, 0, 4, 1], "texture": "#0"},
				"east": {"uv": [0, 4, 1, 5], "texture": "#0"},
				"south": {"uv": [0, 1, 4, 2], "texture": "#0"},
				"west": {"uv": [4, 0, 5, 1], "texture": "#0"},
				"up": {"uv": [4, 3, 0, 2], "texture": "#0"},
				"down": {"uv": [4, 3, 0, 4], "texture": "#0"}
			}
		},
		{
			"from": [6, 4, 5],
			"to": [10, 6, 6],
			"faces": {
				"north": {"uv": [0, 0, 4, 2], "texture": "#2"},
				"east": {"uv": [4, 1, 5, 3], "texture": "#2"},
				"south": {"uv": [0, 2, 4, 4], "texture": "#2"},
				"west": {"uv": [4, 3, 5, 5], "texture": "#2"},
				"up": {"uv": [4, 5, 0, 4], "texture": "#2"},
				"down": {"uv": [8, 0, 4, 1], "texture": "#2"}
			}
		},
		{
			"from": [6, 1, 10],
			"to": [10, 5, 12],
			"faces": {
				"north": {"uv": [0, 0, 4, 3], "texture": "#7"},
				"east": {"uv": [4, 2, 5, 5], "texture": "#7"},
				"south": {"uv": [0, 3, 4, 6], "texture": "#7"},
				"west": {"uv": [5, 2, 6, 5], "texture": "#7"},
				"up": {"uv": [8, 1, 4, 0], "texture": "#7"},
				"down": {"uv": [8, 1, 4, 2], "texture": "#7"}
			}
		},
		{
			"from": [6, 6, 9],
			"to": [10, 7, 10],
			"faces": {
				"north": {"uv": [0, 0, 4, 1], "texture": "#6"},
				"east": {"uv": [0, 4, 1, 5], "texture": "#6"},
				"south": {"uv": [0, 1, 4, 2], "texture": "#6"},
				"west": {"uv": [4, 0, 5, 1], "texture": "#6"},
				"up": {"uv": [4, 3, 0, 2], "texture": "#6"},
				"down": {"uv": [4, 3, 0, 4], "texture": "#6"}
			}
		},
		{
			"from": [5, 6, 7],
			"to": [6, 7, 9],
			"faces": {
				"north": {"uv": [1, 2, 2, 3], "texture": "#4"},
				"east": {"uv": [0, 0, 2, 1], "texture": "#4"},
				"south": {"uv": [2, 2, 3, 3], "texture": "#4"},
				"west": {"uv": [0, 1, 2, 2], "texture": "#4"},
				"up": {"uv": [1, 4, 0, 2], "texture": "#4"},
				"down": {"uv": [3, 0, 2, 2], "texture": "#4"}
			}
		},
		{
			"from": [10, 6, 7],
			"to": [11, 7, 9],
			"faces": {
				"north": {"uv": [1, 2, 2, 3], "texture": "#1"},
				"east": {"uv": [0, 0, 2, 1], "texture": "#1"},
				"south": {"uv": [2, 2, 3, 3], "texture": "#1"},
				"west": {"uv": [0, 1, 2, 2], "texture": "#1"},
				"up": {"uv": [1, 4, 0, 2], "texture": "#1"},
				"down": {"uv": [3, 0, 2, 2], "texture": "#1"}
			}
		},
		{
			"from": [6, 6, 7],
			"to": [10, 8, 9],
			"faces": {
				"north": {"uv": [0, 0, 4, 2], "texture": "#5"},
				"east": {"uv": [4, 2, 6, 4], "texture": "#5"},
				"south": {"uv": [0, 2, 4, 4], "texture": "#5"},
				"west": {"uv": [4, 4, 6, 6], "texture": "#5"},
				"up": {"uv": [4, 6, 0, 4], "texture": "#5"},
				"down": {"uv": [8, 0, 4, 2], "texture": "#5"}
			}
		}
	],
	"display": {
		"thirdperson_righthand": {
			"translation": [0, 1.25, -1.25],
			"scale": [0.58398, 0.58398, 0.58398]
		},
		"thirdperson_lefthand": {
			"translation": [0, 1.75, -1.5],
			"scale": [0.78, 0.76, 0.78]
		},
		"firstperson_righthand": {
			"rotation": [0, 132, 0],
			"translation": [0, 4.5, -0.25],
			"scale": [0.5, 0.5, 0.5]
		},
		"firstperson_lefthand": {
			"rotation": [0, 118, 0],
			"translation": [0, 4.5, 0],
			"scale": [0.5, 0.5, 0.5]
		},
		"ground": {
			"translation": [0, 3.25, 0],
			"scale": [0.7, 0.7, 0.7]
		},
		"gui": {
			"rotation": [26, -156, 0],
			"translation": [0, 4.5, 0],
			"scale": [1.2, 1.2, 1.2]
		},
		"fixed": {
			"translation": [0, 4.5, 0],
			"scale": [1.3, 1.3, 1.3]
		}
	}
}