{
	"credit": "Made with Blockbench",
	"ambientocclusion": false,
	"textures": {
		"2": "block/birch_door",
		"particle": "block/birch_door_bottom"
	},
	"elements": [
		{
			"from": [0, 0, 0],
			"to": [3, 12, 16],
			"faces": {
				"north": {"uv": [10.8, 12.4, 11.4, 14.8], "texture": "#2"},
				"east": {"uv": [7.6, 12.4, 10.8, 14.8], "texture": "#2"},
				"south": {"uv": [7.6, 12.4, 7, 14.8], "texture": "#2"},
				"west": {"uv": [3.8, 12.4, 7, 14.8], "texture": "#2"},
				"up": {"uv": [7.6, 15.4, 10.8, 16], "rotation": 270, "texture": "#2"},
				"down": {"uv": [3.8, 14.8, 7, 15.4], "rotation": 270, "texture": "#2"}
			}
		},
		{
			"from": [0, 12, 13],
			"to": [3, 16, 16],
			"faces": {
				"north": {"uv": [3.2, 11.6, 3.8, 12.4], "texture": "#2"},
				"east": {"uv": [7.6, 11.6, 8.2, 12.4], "texture": "#2"},
				"south": {"uv": [7.6, 11.6, 7, 12.4], "texture": "#2"},
				"west": {"uv": [6.4, 11.6, 7, 12.4], "texture": "#2"},
				"up": {"uv": [13.6, 7.2, 13.6, 7.2], "rotation": 270, "texture": "#2"},
				"down": {"uv": [3.8, 14.8, 7, 15.4], "rotation": 270, "texture": "#2"}
			}
		},
		{
			"from": [0, 12, 0],
			"to": [3, 16, 3],
			"faces": {
				"north": {"uv": [10.8, 11.6, 11.4, 12.4], "texture": "#2"},
				"east": {"uv": [10.2, 11.6, 10.8, 12.4], "texture": "#2"},
				"south": {"uv": [3.2, 11.6, 3.8, 12.4], "texture": "#2"},
				"west": {"uv": [3.8, 11.6, 4.4, 12.4], "texture": "#2"},
				"up": {"uv": [14.2, 7.8, 14.2, 7.8], "rotation": 270, "texture": "#2"},
				"down": {"uv": [3.8, 14.8, 7, 15.4], "rotation": 270, "texture": "#2"}
			}
		},
		{
			"from": [1, 12, 3],
			"to": [2, 16, 13],
			"faces": {
				"north": {"uv": [14.4, 8.2, 14.4, 8.2], "texture": "#2"},
				"east": {"uv": [8.2, 11.6, 10.2, 12.4], "texture": "#2"},
				"south": {"uv": [12.4, 6.6, 12.4, 6.6], "texture": "#2"},
				"west": {"uv": [4.4, 11.6, 6.4, 12.4], "texture": "#2"},
				"up": {"uv": [11.8, 6.6, 11.8, 6.6], "rotation": 270, "texture": "#2"},
				"down": {"uv": [3.8, 14.8, 7, 15.4], "rotation": 270, "texture": "#2"}
			}
		}
	]
}